{
 "name": "multiple-initiatives",
  "title": "Pathfinder 1e Multiple Initiatives",
  "description": "Automatically partitions initiative rolls into multiple combatant entries. When a creature rolls a specific initiative value, it creates multiple appearances on the initiative tracker with partitioned values.",
  "version": "1.0.0",
  "author": "TableTopSoftware",
  "esmodules": [ "scripts/multiple-initiatives.js"], 
  "styles": [],
  "packs": [],
  "system": "pf1",
  "dependencies": [],
  "minimumCoreVersion": "10.0.0",
  "compatibleCoreVersion": "10.0.0",
  "scripts": [],
  "id": "multiple-initiatives",
  "manifest":   "https://github.com/The-Data-is-a-lie/multiple-initiatives/blob/main/module.json",
  "download":   "https://github.com/The-Data-is-a-lie/multiple-initiatives/archive/main.zip",
  "readme":     "https://github.com/The-Data-is-a-lie/multiple-initiatives/blob/main/README.md",
  "changelog":  "https://github.com/The-Data-is-a-lie/multiple-initiatives/blob/main/CHANGELOG.md"
}
